name,first_name,start_date_written,end_date_written,gender,place_of_birth,place_of_death,xml_id
Anschober,Rudolf,1960-11-21,,male,http://www.wikidata.org/entity/Q178582,,PAD_00024
Antoni,Dieter,1942-06-23,2021-09-18,male,http://www.wikidata.org/entity/Q214956,,PAD_00027
Apfelbeck,Ute,1943-01-25,,female,http://www.wikidata.org/entity/Q1003990,,PAD_00030
Auer,Jakob,1948-08-31,,male,http://www.wikidata.org/entity/Q665755,,PAD_00039
Achatz,Anna,1950-05-07,,female,http://www.wikidata.org/entity/Q65588464,,PAD_00041
Barmüller,Thomas,1964-08-12,,male,http://www.wikidata.org/entity/Q693460,,PAD_00059
Bartenstein,Martin,1953-06-03,,male,http://www.wikidata.org/entity/Q13298,,PAD_00060
Bauer,Holger,1942-11-07,,male,http://www.wikidata.org/entity/Q255012,,PAD_00074
Brinek,Gertrude,1952-02-04,,female,http://www.wikidata.org/entity/Q624352,,PAD_00075
Bauer,Hannes,1941-03-18,,male,http://www.wikidata.org/entity/Q661774,,PAD_00076
Bauer,Rosemarie,1944-07-15,,female,http://www.wikidata.org/entity/Q666161,,PAD_00080
Bauer,Sophie,1939-06-09,,female,,,PAD_00081
Bruckmann,Gerhart,1932-01-09,"(2024, 6)",male,http://www.wikidata.org/entity/Q1741,,PAD_00087
Binder-Maier,Gabriele,1956-03-04,,female,http://www.wikidata.org/entity/Q661451,,PAD_00118
Böhacker,Hermann,1941-09-30,,male,http://www.wikidata.org/entity/Q34713,,PAD_00125
Blünegger,Anton,1940-09-13,,male,http://www.wikidata.org/entity/Q13298,,PAD_00136
Buder,Hannelore,1943-07-10,,female,http://www.wikidata.org/entity/Q687459,,PAD_00139
Bures,Doris,1962-08-03,,female,http://www.wikidata.org/entity/Q1741,,PAD_00145
Cap,Josef,1952-01-04,,male,http://www.wikidata.org/entity/Q1741,,PAD_00178
Dietachmayr,Helmut,1942-07-26,,male,http://www.wikidata.org/entity/Q41329,,PAD_00215
Ditz,Johannes,1951-06-22,,male,http://www.wikidata.org/entity/Q666466,,PAD_00225
Dolinschek,Sigisbert,1954-02-18,,male,http://www.wikidata.org/entity/Q41753,,PAD_00231
Eder,Kurt,1946-11-18,,male,http://www.wikidata.org/entity/Q486543,,PAD_00238
Ederer,Brigitte,1956-02-27,,female,http://www.wikidata.org/entity/Q1741,,PAD_00240
Edler,Josef,1941-07-06,,male,http://www.wikidata.org/entity/Q689440,,PAD_00244
Fasslabend,Werner,1944-03-05,,male,http://www.wikidata.org/entity/Q546273,,PAD_00302
Ellmauer,Matthias,1946-06-07,,male,http://www.wikidata.org/entity/Q178582,,PAD_00303
Elmecker,Robert,1942-09-25,1997-07-21,male,http://www.wikidata.org/entity/Q682607,,PAD_00307
Fekter,Maria,1956-02-01,,female,http://www.wikidata.org/entity/Q261216,,PAD_00311
Feurstein,Gottfried,1939-03-07,2024-03-12,male,http://www.wikidata.org/entity/Q490200,,PAD_00319
Fink,Ernst,1942-03-23,2024-06-10,male,http://www.wikidata.org/entity/Q679422,,PAD_00327
Fischer,Heinz,1938-10-09,,male,http://www.wikidata.org/entity/Q13298,,PAD_00334
Fischl,Harald,1958-04-02,,male,http://www.wikidata.org/entity/Q672808,,PAD_00339
Gaal,Anton,1940-03-14,,male,http://www.wikidata.org/entity/Q670580,,PAD_00343
Gartlehner,Kurt,1952-09-03,,male,http://www.wikidata.org/entity/Q682248,,PAD_00357
Gatterer,Edeltraud,1954-06-22,,female,http://www.wikidata.org/entity/Q483522,,PAD_00370
Freund,Karl,1947-08-01,,male,http://www.wikidata.org/entity/Q205733,,PAD_00389
Frieser,Cordula,1950-01-08,2017-08-21,female,http://www.wikidata.org/entity/Q1431366,http://www.wikidata.org/entity/Q68269,PAD_00398
Frischenschlager,Friedhelm,1943-10-06,,male,http://www.wikidata.org/entity/Q34713,,PAD_00401
Fuhrmann,Ўілі,1944-07-04,2018-07-27,male,http://www.wikidata.org/entity/Q15979,,PAD_00424
Grabner,Arnold,1939-06-15,,male,http://www.wikidata.org/entity/Q131612,,PAD_00439
Gradwohl,Heinz,1956-10-22,,male,http://www.wikidata.org/entity/Q263107,,PAD_00444
Haider,Jörg,1950-01-26,2008-10-11,male,http://www.wikidata.org/entity/Q252674,http://www.wikidata.org/entity/Q664542,PAD_00490
Haigermoser,Helmut,1940-11-11,,male,http://www.wikidata.org/entity/Q278352,,PAD_00491
Haller,Edith,1944-07-24,,female,http://www.wikidata.org/entity/Q486341,,PAD_00495
Haupt,Herbert,1947-09-28,,male,http://www.wikidata.org/entity/Q660576,,PAD_00533
Heindl,Kurt,1936-07-22,,male,http://www.wikidata.org/entity/Q131612,,PAD_00553
Achs,Matthias,1939-12-06,2011-05-25,male,http://www.wikidata.org/entity/Q670770,http://www.wikidata.org/entity/Q670770,PAD_00577
Hlavac,Elisabeth,1952-02-25,,female,http://www.wikidata.org/entity/Q1741,,PAD_00601
Höchtl,Josef,1947-05-13,,male,http://www.wikidata.org/entity/Q624352,,PAD_00608
Guggenberger,Walter,1947-08-23,,male,http://www.wikidata.org/entity/Q660183,,PAD_00640
Hostasch,Eleanor,1944-07-09,,female,http://www.wikidata.org/entity/Q1741,,PAD_00657
Gusenbauer,Alfred,1960-02-08,,male,http://www.wikidata.org/entity/Q82500,,PAD_00663
Huber,Anna,1948-10-10,,female,http://www.wikidata.org/entity/Q259893,,PAD_00668
Hums,Franz,1937-09-08,2015-03-01,male,http://www.wikidata.org/entity/Q678059,http://www.wikidata.org/entity/Q677094,PAD_00703
Kabas,Hilmar,1942-01-06,,male,http://www.wikidata.org/entity/Q1741,,PAD_00751
Kaipel,Erwin,1952-01-19,,male,http://www.wikidata.org/entity/Q650587,,PAD_00755
Kaiser,Richard,1935-04-03,2019-06-28,male,http://www.wikidata.org/entity/Q686420,http://www.wikidata.org/entity/Q82500,PAD_00757
Kampichler,Franz Josef,1947-06-27,,male,http://www.wikidata.org/entity/Q1741,,PAD_00761
Karas,Othmar,1957-12-24,,male,http://www.wikidata.org/entity/Q278447,,PAD_00772
Karlsson,Irmtraud,1944-05-04,,female,http://www.wikidata.org/entity/Q769162,,PAD_00777
Langthaler,Monika,1965-09-11,,female,http://www.wikidata.org/entity/Q665268,,PAD_00785
Keppelmüller,Peter,1944-06-07,,male,http://www.wikidata.org/entity/Q41329,,PAD_00794
Khol,Andreas,1941-07-14,,male,http://www.wikidata.org/entity/Q492538,,PAD_00799
Kiermaier,Günter,1942-11-10,,male,http://www.wikidata.org/entity/Q251231,,PAD_00800
Kiss,Paul,1947-09-30,,male,http://www.wikidata.org/entity/Q252982,,PAD_00807
Leikam,Anton,1943-05-17,,male,http://www.wikidata.org/entity/Q1879721,,PAD_00836
Leiner,Günther,1939-08-10,,male,http://www.wikidata.org/entity/Q384648,,PAD_00840
König,Friedrich,1933-03-19,2022-04-08,male,http://www.wikidata.org/entity/Q1741,,PAD_00861
Liechtenstein,Vincenz,1950-07-30,2008-01-14,male,http://www.wikidata.org/entity/Q13298,http://www.wikidata.org/entity/Q41358,PAD_00879
Konrad,Helga,1948-01-10,2024-10-12,female,http://www.wikidata.org/entity/Q13298,,PAD_00911
Löschnak,Franz,1940-03-04,,male,http://www.wikidata.org/entity/Q1741,,PAD_00913
Koppler,Erhard,1939-11-21,,male,http://www.wikidata.org/entity/Q41329,,PAD_00922
Korosec,Ingrid,1940-11-22,,female,http://www.wikidata.org/entity/Q682753,,PAD_00926
Kostelka,Peter,1946-05-01,,male,http://www.wikidata.org/entity/Q535737,,PAD_00930
Lukesch,Dieter,1943-05-03,,male,http://www.wikidata.org/entity/Q41329,,PAD_00943
Kräuter,Günther,1956-12-30,2021-08-07,male,http://www.wikidata.org/entity/Q485294,,PAD_00946
Krammer,Christa,1944-06-22,,female,http://www.wikidata.org/entity/Q41945,,PAD_00959
Kukacka,Helmut,1946-04-01,,male,http://www.wikidata.org/entity/Q662757,,PAD_00998
Neisser,Heinrich,1936-03-19,,male,http://www.wikidata.org/entity/Q1741,,PAD_01018
Maderthaner,Leopold,1935-09-09,2007-07-28,male,http://www.wikidata.org/entity/Q2475413,http://www.wikidata.org/entity/Q131266,PAD_01023
Niederwieser,Erwin,1951-02-02,,male,http://www.wikidata.org/entity/Q336250,,PAD_01052
Nowotny,Ewald,1944-06-28,,male,http://www.wikidata.org/entity/Q1741,,PAD_01061
Nürnberger,Rudolf,1945-09-05,,male,http://www.wikidata.org/entity/Q699625,,PAD_01062
Oberhaidinger,Georg,1945-01-27,,male,http://www.wikidata.org/entity/Q251325,,PAD_01066
Marizzi,Peter,1947-06-04,,male,http://www.wikidata.org/entity/Q265948,,PAD_01079
Ofner,Harald,1932-10-25,,male,http://www.wikidata.org/entity/Q1741,,PAD_01101
Ónodi,Heidemarie,1957-08-23,,female,http://www.wikidata.org/entity/Q674814,,PAD_01108
Meischberger,Walter,1959-09-21,,male,http://www.wikidata.org/entity/Q1735,,PAD_01127
Meisinger,Josef,1943-09-11,,male,http://www.wikidata.org/entity/Q250189,,PAD_01128
Mertel,Ilse,1943-09-08,,female,http://www.wikidata.org/entity/Q1553447,,PAD_01137
Messner,Evelyn,1938-11-10,,female,http://www.wikidata.org/entity/Q1741,,PAD_01138
Parfuss,Ludmilla,1942-11-18,,female,,,PAD_01153
Parnigoni,Rudolf,1948-02-26,,male,http://www.wikidata.org/entity/Q671293,,PAD_01155
Partik-Pablé,Helene,1939-08-12,,female,http://www.wikidata.org/entity/Q1741,,PAD_01158
Peter,Helmut,1948-04-21,,male,http://www.wikidata.org/entity/Q567835,,PAD_01185
Petrović,Madeleine,1956-06-25,,female,http://www.wikidata.org/entity/Q1741,,PAD_01186
Mock,Alois,1934-06-10,2017-06-01,male,http://www.wikidata.org/entity/Q673813,http://www.wikidata.org/entity/Q1741,PAD_01199
Pilz,Peter,1954-01-22,,male,http://www.wikidata.org/entity/Q623049,,PAD_01210
Molterer,Wilhelm,1955-05-14,,male,http://www.wikidata.org/entity/Q260320,,PAD_01226
Moser,Hans,1948-09-03,,male,http://www.wikidata.org/entity/Q259893,,PAD_01239
Motter,Klara,1935-10-01,,female,http://www.wikidata.org/entity/Q153969,,PAD_01248
Mühlbachler,Josef,1945-12-23,,male,http://www.wikidata.org/entity/Q683227,,PAD_01257
Posch,Walter,1954-01-15,,male,http://www.wikidata.org/entity/Q492868,,PAD_01278
Prähauser,Stefan,1948-06-21,,male,http://www.wikidata.org/entity/Q34713,,PAD_01288
Praxmarer,Karin,1944-07-09,2021-12-10,female,http://www.wikidata.org/entity/Q244506,,PAD_01293
Murauer,Walter,1948-08-02,,male,http://www.wikidata.org/entity/Q260320,,PAD_01295
Pumberger,Alois,1950-05-26,,male,http://www.wikidata.org/entity/Q267791,,PAD_01316
Verzetnitsch,Friedrich,1945-05-22,2024-07-18,male,http://www.wikidata.org/entity/Q1741,,PAD_01347
Voggenhuber,Johannes,1950-06-05,,male,http://www.wikidata.org/entity/Q34713,,PAD_01355
Vranitzky,Franz,1937-10-04,,male,http://www.wikidata.org/entity/Q1741,,PAD_01368
Tichy-Schreder,Ingrid,1941-12-03,,female,http://www.wikidata.org/entity/Q1741,,PAD_01371
Wabl,Andreas,1951-02-28,,male,http://www.wikidata.org/entity/Q13298,,PAD_01375
Trattner,Гільбэрт,1949-11-20,,male,http://www.wikidata.org/entity/Q692935,,PAD_01396
Wallner,Kurt,1958-04-18,,male,http://www.wikidata.org/entity/Q485294,,PAD_01424
Svazek,Marlene,1992-05-13,,female,http://www.wikidata.org/entity/Q34713,,PAD_01442
Tychtl,Gerald,1941-01-23,,male,http://www.wikidata.org/entity/Q537922,,PAD_01448
Rauch-Kallat,Maria,1949-01-31,,female,http://www.wikidata.org/entity/Q690417,,PAD_01546
Sacher,Ewald,1949-08-03,,male,http://www.wikidata.org/entity/Q131266,,PAD_01565
Fürst,Susanne,1969-05-03,,female,http://www.wikidata.org/entity/Q41329,,PAD_01567
Scheibner,Herbert,1963-04-23,,male,http://www.wikidata.org/entity/Q1741,,PAD_01604
Schieder,Peter,1941-08-20,2013-10-11,male,http://www.wikidata.org/entity/Q1741,http://www.wikidata.org/entity/Q1741,PAD_01613
Zernatto,Christof,1949-06-11,,male,http://www.wikidata.org/entity/Q487527,,PAD_01636
Reichhold,Mathias,1957-07-05,,male,http://www.wikidata.org/entity/Q41753,,PAD_01649
Reitsamer,Annemarie,1941-02-19,,female,http://www.wikidata.org/entity/Q264430,,PAD_01661
Riess,Susanne,1961-01-03,,female,http://www.wikidata.org/entity/Q131128,,PAD_01688
Rosenstingl,Peter,1951-09-06,,male,http://www.wikidata.org/entity/Q1741,,PAD_01708
Schlögl,Karl,1955-01-28,,male,http://www.wikidata.org/entity/Q1741,,PAD_01729
Schmid,Michael,1945-06-07,,male,http://www.wikidata.org/entity/Q502615,,PAD_01733
Schmidt,Heide,1948-11-27,,female,http://www.wikidata.org/entity/Q3994,,PAD_01739
Schöll,Hans,1941-06-04,2003-03-08,male,http://www.wikidata.org/entity/Q1741,,PAD_01763
Schreiner,Эрых,1950-06-26,,male,http://www.wikidata.org/entity/Q1741,,PAD_01773
Schüssel,Wolfgang,1945-06-07,,male,http://www.wikidata.org/entity/Q1741,,PAD_01781
Schuster,Johann,1942-12-30,,male,http://www.wikidata.org/entity/Q41329,,PAD_01788
Wagner,Petra,1968-08-16,,female,http://www.wikidata.org/entity/Q279823,,PAD_01794
Schwarzböck,Rudolf,1947-12-09,,male,http://www.wikidata.org/entity/Q659841,,PAD_01795
Schwarzenberger,Georg,1942-01-23,,male,http://www.wikidata.org/entity/Q259188,,PAD_01796
Schweitzer,Karl,1952-08-07,,male,http://www.wikidata.org/entity/Q663301,,PAD_01803
Schwemlein,Emmerich,1950-07-12,,male,http://www.wikidata.org/entity/Q203344,,PAD_01806
Schwimmer,Walter,1942-06-16,2025-03-12,male,http://www.wikidata.org/entity/Q1741,,PAD_01810
Spindelegger,Michael,1959-12-21,,male,http://www.wikidata.org/entity/Q277965,,PAD_01817
Seidinger,Winfried,1931-05-01,2009-12-31,male,http://www.wikidata.org/entity/Q695639,,PAD_01833
Stippel,Johann,1940-06-15,,male,http://www.wikidata.org/entity/Q673427,,PAD_01860
Wassermann,Sandra,1984-11-25,,female,http://www.wikidata.org/entity/Q41753,,PAD_01866
Sigl,Robert,1943-08-01,,male,http://www.wikidata.org/entity/Q665490,,PAD_01868
Smolle,Karl,1944-09-02,,male,http://www.wikidata.org/entity/Q41753,,PAD_01894
Stoisits,Terezija,1958-11-14,,female,http://www.wikidata.org/entity/Q301284,,PAD_01902
Stummvoll,Günter,1943-03-03,,male,http://www.wikidata.org/entity/Q1741,,PAD_01933
Ragger,Christian,1973-02-20,,male,http://www.wikidata.org/entity/Q487527,,PAD_01937
Pewny,Christian,1967-05-17,,male,http://www.wikidata.org/entity/Q260950,,PAD_01942
Schmiedlechner,Peter,1982-09-16,,male,http://www.wikidata.org/entity/Q34713,,PAD_01944
Rieß,Susanne,1961-09-15,,female,http://www.wikidata.org/entity/Q277965,,PAD_01950
Gerstner,Peter,1959-04-08,,male,,,PAD_01969
Kaniak,Gerhard,1979-03-06,,male,http://www.wikidata.org/entity/Q1741,,PAD_01970
Schandor,Christian,1974,,male,http://www.wikidata.org/entity/Q661272,,PAD_01971
Tschank,Markus,1979-01-06,,male,http://www.wikidata.org/entity/Q1741,,PAD_01972
Baumgartner,Angela,1969-05-20,,female,http://www.wikidata.org/entity/Q660428,,PAD_01974
Bogner-Strauss,Juliane,1971-11-03,,female,http://www.wikidata.org/entity/Q693460,,PAD_01975
Engelberg,Martin,1960-03-13,,male,http://www.wikidata.org/entity/Q1741,,PAD_01976
Graf,Tanja,1975-05-07,,female,http://www.wikidata.org/entity/Q1741,,PAD_01977
Grossbauer,Maria,1980-05-25,,female,http://www.wikidata.org/entity/Q265948,,PAD_01978
Grünberg,Kira,1993-08-13,,female,http://www.wikidata.org/entity/Q1735,,PAD_01979
Jachs,Johanna,1991-10-16,,female,http://www.wikidata.org/entity/Q143140,,PAD_01980
Jeitler-Cincelli,Carmen,1980-07-27,,female,http://www.wikidata.org/entity/Q1735,,PAD_01981
Kaufmann,Martina,1986-01-07,,female,http://www.wikidata.org/entity/Q13298,,PAD_01983
Kirchbaumer,Rebecca,1974-08-25,,female,http://www.wikidata.org/entity/Q1735,,PAD_01984
Wolfgang,Barbara,1969,2019-04-03,female,http://www.wikidata.org/entity/Q251065,http://www.wikidata.org/entity/Q1741,PAD_01985
Kugler,Gudrun,1976-11-12,,female,http://www.wikidata.org/entity/Q430449,,PAD_01986
Kühberger,Andreas,1974-04-24,,male,http://www.wikidata.org/entity/Q485294,,PAD_01987
Lindinger,Klaus,1988-10-22,,male,http://www.wikidata.org/entity/Q178582,,PAD_02001
Mahrer,Karl,1955-03-04,,male,http://www.wikidata.org/entity/Q1741,,PAD_02006
Hagenhofer,Marianne,1948-11-26,,female,http://www.wikidata.org/entity/Q131128,,PAD_02009
Puttinger,Günter,1942-11-03,,male,http://www.wikidata.org/entity/Q41329,,PAD_02011
Wimmer,Rainer,1955-08-10,,male,http://www.wikidata.org/entity/Q131633,,PAD_02013
Steibl,Ridi,1951-11-14,,female,http://www.wikidata.org/entity/Q690154,,PAD_02018
Königshofer,Werner,1953-07-09,2025-02-25,male,http://www.wikidata.org/entity/Q1735,,PAD_02019
Marchetti,Nico,1990-02-19,,male,http://www.wikidata.org/entity/Q1741,,PAD_02122
Nehammer,Karl,1972-10-18,,male,http://www.wikidata.org/entity/Q1741,,PAD_02136
Feichtinger,Elisabeth,1987-09-24,,female,http://www.wikidata.org/entity/Q41329,,PAD_02189
Mitterbauer,Maria,1977-07-31,,female,http://www.wikidata.org/entity/Q34713,,PAD_02242
Plakolm,Claudia,1994-12-10,,female,http://www.wikidata.org/entity/Q41329,,PAD_02295
Hochstetter-Lackner,Irene,1973-04-25,,female,http://www.wikidata.org/entity/Q485294,,PAD_02296
Rosenberger,Alois,1960,,male,http://www.wikidata.org/entity/Q673789,,PAD_02297
Holzleitner,Eva-Maria,1993-05-05,,female,http://www.wikidata.org/entity/Q178582,,PAD_02309
Schnoll,Stefan,1988-03-13,,male,http://www.wikidata.org/entity/Q34713,,PAD_02315
Schrott,Dominik,1987-12-03,,male,http://www.wikidata.org/entity/Q145997,,PAD_02320
Schwarz,Gabriela,1963-09-03,,female,http://www.wikidata.org/entity/Q1741,,PAD_02326
Stark,Christoph,1967-04-01,,male,http://www.wikidata.org/entity/Q643600,,PAD_02327
Kovacevic,Christian,1983-08-06,,male,http://www.wikidata.org/entity/Q253639,,PAD_02328
Taschner,Rudolf,1953-03-30,,male,http://www.wikidata.org/entity/Q659984,,PAD_02329
Laimer,Robert,1966-08-03,,male,http://www.wikidata.org/entity/Q82500,,PAD_02330
Weidinger,Peter,1977-11-21,,male,http://www.wikidata.org/entity/Q483522,,PAD_02331
Zarits,Christoph,1980-11-16,,male,http://www.wikidata.org/entity/Q126321,,PAD_02332
Margreiter,Doris,1968-11-14,,female,http://www.wikidata.org/entity/Q678534,,PAD_02333
Nussbaum,Verena,1970-02-19,,female,http://www.wikidata.org/entity/Q13298,,PAD_02334
Sandler,Birgit,1964-01-01,,female,http://www.wikidata.org/entity/Q485294,,PAD_02335
Noll,Alfred,1960-01-30,,male,http://www.wikidata.org/entity/Q34713,,PAD_02336
Schatz,Sabine,1978-09-09,,female,http://www.wikidata.org/entity/Q260320,,PAD_02337
Wimmer,Petra,1965-12-13,,female,http://www.wikidata.org/entity/Q178582,,PAD_02338
Yıldırım,Selma,1969-08-25,,female,http://www.wikidata.org/entity/Q406,,PAD_02339
Cox,Stephanie,1989-01-31,,female,http://www.wikidata.org/entity/Q3130,,PAD_02340
Griss,Irmgard,1946-10-13,,female,http://www.wikidata.org/entity/Q573106,,PAD_02342
Hoyos,Douglas,1990-09-08,,male,http://www.wikidata.org/entity/Q41753,,PAD_02343
Krisper,Stephanie,1980-05-24,,female,http://www.wikidata.org/entity/Q1741,,PAD_02344
Zadić,Alma,1984-05-24,,female,http://www.wikidata.org/entity/Q174684,,PAD_02345
Kolba,Peter,1959-01-17,,male,http://www.wikidata.org/entity/Q1741,,PAD_02346
Friedl,Klaudia,1963-03-21,,female,http://www.wikidata.org/entity/Q1252932,,PAD_02347
Bißmann,Martha,1980-03-23,,female,http://www.wikidata.org/entity/Q13298,,PAD_02349
Waitz,Thomas,1973-05-16,,male,http://www.wikidata.org/entity/Q1741,,PAD_02510
Vilimsky,Harald,1966-07-22,,male,http://www.wikidata.org/entity/Q1741,,PAD_02708
Westenthaler,Peter,1967-11-06,,male,http://www.wikidata.org/entity/Q1741,,PAD_02723
Silhavy,Heidrun,1956-05-20,,female,http://www.wikidata.org/entity/Q13298,,PAD_02763
Wurm,Gisela,1957-07-31,,female,http://www.wikidata.org/entity/Q253639,,PAD_02768
Michalek,Nikolaus,1940-04-05,,male,http://www.wikidata.org/entity/Q1741,,PAD_02783
Scholten,Rudolf,1955-11-03,,male,http://www.wikidata.org/entity/Q1741,,PAD_02789
Klima,Viktor,1947-06-04,,male,http://www.wikidata.org/entity/Q489972,,PAD_02791
Schender,Horst,1938-08-16,,male,http://www.wikidata.org/entity/Q41329,,PAD_02793
Fiedler,Franz,1944-03-17,,male,http://www.wikidata.org/entity/Q1741,,PAD_02801
Haubner,Ursula,1945-12-22,,female,http://www.wikidata.org/entity/Q252674,,PAD_02803
Brix,Otmar,1944-07-16,2003-07-26,male,http://www.wikidata.org/entity/Q1741,http://www.wikidata.org/entity/Q1492,PAD_02813
Фухс,Brunhilde,1947-03-17,,female,http://www.wikidata.org/entity/Q1741,,PAD_02814
Kaufmann,Herbert,1949-10-27,,male,http://www.wikidata.org/entity/Q277965,,PAD_02815
Kummerer,Werner,1948-05-19,2019-05-30,male,http://www.wikidata.org/entity/Q660428,,PAD_02816
Müller,Karl,1957-04-13,,male,http://www.wikidata.org/entity/Q483522,,PAD_02817
Rada,Robert,1949-04-13,2016-10-28,male,http://www.wikidata.org/entity/Q453277,,PAD_02818
Amon,Werner,1969-05-28,,male,http://www.wikidata.org/entity/Q13298,,PAD_02819
Brader,Alfred,1956-05-06,,male,http://www.wikidata.org/entity/Q82500,,PAD_02820
Donabauer,Karl,1945-05-19,,male,http://www.wikidata.org/entity/Q524439,,PAD_02821
Kopf,Karlheinz,1957-06-27,,male,http://www.wikidata.org/entity/Q698591,,PAD_02822
Kurzbauer,Johann,1943-06-11,,male,http://www.wikidata.org/entity/Q700307,,PAD_02823
Maitz,Karl,1939-12-03,,male,http://www.wikidata.org/entity/Q689675,,PAD_02825
Morak,Franz,1946-05-25,,male,http://www.wikidata.org/entity/Q13298,,PAD_02826
Platter,Günther,1954-06-07,,male,http://www.wikidata.org/entity/Q145997,,PAD_02827
Sauer,Ўілі,1938-12-17,,male,http://www.wikidata.org/entity/Q664057,,PAD_02829
Schrefel,Josef,1945-02-11,,male,http://www.wikidata.org/entity/Q427008,,PAD_02830
Steindl,Franz,1960-01-10,,male,http://www.wikidata.org/entity/Q267457,,PAD_02831
Wurmitzer,Georg,1943-04-06,,male,,,PAD_02832
Brauneder,Wilhelm,1943-01-08,,male,http://www.wikidata.org/entity/Q277965,,PAD_02833
Graf,Martin,1960-05-11,,male,http://www.wikidata.org/entity/Q1741,,PAD_02834
Grollitsch,Udo,1940-10-21,,male,http://www.wikidata.org/entity/Q485294,,PAD_02835
Höbinger-Lehrer,Liane,1931-10-16,2010-07-15,female,http://www.wikidata.org/entity/Q1741,,PAD_02836
Hofmann,Maximilian,1954-05-11,,male,http://www.wikidata.org/entity/Q251325,,PAD_02837
Krüger,Michael,1955-12-26,,male,http://www.wikidata.org/entity/Q41329,,PAD_02838
Lafer,Franz,1958-02-15,,male,http://www.wikidata.org/entity/Q672717,,PAD_02839
Madl,Elfriede,1949-11-07,,female,http://www.wikidata.org/entity/Q41329,,PAD_02840
Mentil,Hermann,1940-05-23,2020-08-16,male,http://www.wikidata.org/entity/Q674830,,PAD_02841
Preisinger,Susanne,1957-02-15,,female,http://www.wikidata.org/entity/Q1741,,PAD_02843
Rossmann,Mares,1953-12-29,,female,http://www.wikidata.org/entity/Q483522,,PAD_02845
Ruthofer,Kurt,1943-09-16,,male,http://www.wikidata.org/entity/Q487527,,PAD_02846
Salzl,Stefan,1948-06-29,,male,http://www.wikidata.org/entity/Q663981,,PAD_02847
Schöggl,Leopold,1951-11-14,,male,http://www.wikidata.org/entity/Q485294,,PAD_02848
Stadler,Johann,1961-05-21,,male,http://www.wikidata.org/entity/Q698558,,PAD_02849
Wenitsch,Robert,1958-04-09,,male,http://www.wikidata.org/entity/Q1741,,PAD_02850
Haidlmayr,Theresia,1955-09-09,2022-06-12,female,http://www.wikidata.org/entity/Q260320,,PAD_02852
Moser,Gabriela,1954-07-28,2019-03-12,female,http://www.wikidata.org/entity/Q41329,,PAD_02853
Ollinger,Karl,1951-07-21,,male,http://www.wikidata.org/entity/Q267791,,PAD_02854
Pollet-Kammerlander,Doris,1949-02-08,,female,http://www.wikidata.org/entity/Q1741,,PAD_02855
Van der Bellen,Alexander,1944-01-18,,male,http://www.wikidata.org/entity/Q1741,,PAD_02856
Firlinger,Reinhard,1954-11-05,,male,http://www.wikidata.org/entity/Q41329,,PAD_02857
Gredler,Martina,1958-12-29,,female,http://www.wikidata.org/entity/Q1741,,PAD_02858
Haselsteiner,Hans,1944,,male,http://www.wikidata.org/entity/Q253639,,PAD_02859
Kier,Volker,1941-03-02,2023-06-16,male,http://www.wikidata.org/entity/Q3711,,PAD_02860
Schaffenrath,Maria,1951,,female,http://www.wikidata.org/entity/Q302745,,PAD_02861
Rasinger,Erwin,1952-07-30,,male,http://www.wikidata.org/entity/Q1741,,PAD_02862
Nußbaumer,Wolfgang,1937-10-03,,male,http://www.wikidata.org/entity/Q171219,,PAD_02866
Bösch,Reinhard,1957-01-16,,male,http://www.wikidata.org/entity/Q171219,,PAD_02867
Pfeffer,Katharina,1951-10-15,,female,http://www.wikidata.org/entity/Q661084,,PAD_02868
Stiegelbauer,Sonja,1946-09-23,,female,http://www.wikidata.org/entity/Q1735,,PAD_02872
Einem,Caspar,1948-05-06,2021-09-09,male,http://www.wikidata.org/entity/Q34713,,PAD_02873
Lentsch,Edeltraud,1947-03-09,,female,http://www.wikidata.org/entity/Q41945,,PAD_02886
Zweytick,Johannes,1961-05-24,,male,http://www.wikidata.org/entity/Q693460,,PAD_02887
Pittermann,Elisabeth,1946-02-03,,female,http://www.wikidata.org/entity/Q1741,,PAD_02888
Jarolím,Johannes,1954-12-27,,male,http://www.wikidata.org/entity/Q1741,,PAD_02889
Dunst,Verena,1958-02-07,,female,http://www.wikidata.org/entity/Q72,,PAD_02890
Kern,Christian,1966-01-04,,male,http://www.wikidata.org/entity/Q1741,,PAD_02941
Großruck,Wolfgang,1947-10-24,,male,http://www.wikidata.org/entity/Q256996,,PAD_02964
Faßmann,Heinz,1955-08-13,,male,http://www.wikidata.org/entity/Q1718,,PAD_02975
Kneissl,Karin,1965-01-18,,female,http://www.wikidata.org/entity/Q1741,,PAD_02976
Löger,Hartwig,1965-07-15,,male,http://www.wikidata.org/entity/Q676033,,PAD_02977
Schramböck,Margarete,1970-05-12,,female,http://www.wikidata.org/entity/Q699599,,PAD_02978
Edtstadler,Karoline,1981-03-28,,female,http://www.wikidata.org/entity/Q34713,,PAD_02979
Berger,Ricarda,1986-05-22,,female,http://www.wikidata.org/entity/Q1741,,PAD_02996
Ries,Christian,1972-01-20,,male,http://www.wikidata.org/entity/Q126321,,PAD_02997
Kainz,Alois,1964-05-22,,male,http://www.wikidata.org/entity/Q661747,,PAD_02998
Kuss-Bergner,Angelika,1972-11-06,,female,http://www.wikidata.org/entity/Q41753,,PAD_03129
Ferrero-Waldner,Benita,1948-09-05,,female,http://www.wikidata.org/entity/Q34713,,PAD_03130
Gehrer,Elisabeth,1942-05-11,,female,http://www.wikidata.org/entity/Q1741,,PAD_03131
Smolle,Josef,1958-08-23,,male,http://www.wikidata.org/entity/Q659860,,PAD_03132
Smodics-Neumann,Maria,1970-04-05,,female,http://www.wikidata.org/entity/Q1741,,PAD_03133
Trenk,Josef,1946-09-26,2016-03-09,male,http://www.wikidata.org/entity/Q265948,http://www.wikidata.org/entity/Q659984,PAD_03150
Schartel,Andrea-Michaela,1964-06-30,,female,http://www.wikidata.org/entity/Q13298,,PAD_03155
Gruber,Renate,1967-09-12,,female,http://www.wikidata.org/entity/Q280450,,PAD_03445
Jung,Wolfgang,1948-03-15,,male,http://www.wikidata.org/entity/Q671021,,PAD_03451
Horngacher,Katharina,1941-09-21,,female,http://www.wikidata.org/entity/Q486341,,PAD_03591
Єгер,Inge,1949-03-28,,female,http://www.wikidata.org/entity/Q251325,,PAD_03592
Koller,Franz,1947-05-06,,male,http://www.wikidata.org/entity/Q701754,,PAD_03596
Riepl,Franz,1949-03-23,,male,http://www.wikidata.org/entity/Q1741,,PAD_03599
Tegischer,Brigitte,1960-02-10,,female,http://www.wikidata.org/entity/Q336250,,PAD_03601
Trinkl,Josef,1951-07-13,2004-04-26,male,http://www.wikidata.org/entity/Q279823,,PAD_03602
Neugebauer,Fritz,1944,,male,http://www.wikidata.org/entity/Q1741,,PAD_03604
Kröll,Hermann,1939-06-11,2016-09-17,male,http://www.wikidata.org/entity/Q689336,http://www.wikidata.org/entity/Q254221,PAD_03605
Lackner,Manfred,1946-09-29,,male,http://www.wikidata.org/entity/Q494604,,PAD_03611
Ablinger,Sonja,1966-05-12,,female,http://www.wikidata.org/entity/Q178582,,PAD_03612
Prinzhorn,Thomas,1943-03-05,,male,http://www.wikidata.org/entity/Q1741,,PAD_03613
Povýšil,Brigitte,1954-03-05,,female,http://www.wikidata.org/entity/Q41329,,PAD_03614
Stampler,Franz,1953-10-09,,male,http://www.wikidata.org/entity/Q688285,,PAD_03691
Salzmann,Gertraud,1964-06-18,,female,http://www.wikidata.org/entity/Q183228,,PAD_03716
Reifenberger,Volker,1979-04-05,,male,http://www.wikidata.org/entity/Q34713,,PAD_03717
Maier,Johann,1952-05-08,,male,http://www.wikidata.org/entity/Q34713,,PAD_03755
Riedler,Wolfgang,1960-05-24,,male,http://www.wikidata.org/entity/Q1741,,PAD_03756
Linser,Franz,1961-06-22,,male,http://www.wikidata.org/entity/Q656017,,PAD_03895
Moser,Josef,1955-10-06,,male,http://www.wikidata.org/entity/Q336250,,PAD_03896
Farnleitner,Johann,1939-04-05,,male,http://www.wikidata.org/entity/Q673759,,PAD_03995
Berger,Maria,1956-08-19,,female,http://www.wikidata.org/entity/Q260186,,PAD_04279
Steinbichler,Leopold,1959-02-26,,male,http://www.wikidata.org/entity/Q671006,,PAD_04395
Edlinger,Rudolf,1940-02-20,2021-08-21,male,http://www.wikidata.org/entity/Q1741,,PAD_04475
Prammer,Barbara,1954-01-11,2014-08-02,female,http://www.wikidata.org/entity/Q611218,http://www.wikidata.org/entity/Q1741,PAD_04476
Wittmann,Peter,1957-03-08,,male,http://www.wikidata.org/entity/Q131612,,PAD_04477
Ruttenstorfer,Wolfgang,1950-10-15,,male,http://www.wikidata.org/entity/Q1741,,PAD_04478
Gaugg,Reinhart,1953-07-17,,male,http://www.wikidata.org/entity/Q487527,,PAD_04535
Gassner,Kurt,1947-04-08,,male,http://www.wikidata.org/entity/Q260186,,PAD_04615
Schöls,Alfred,1951-06-15,,male,http://www.wikidata.org/entity/Q659918,,PAD_04716
Holzner,Andrea,1964-08-24,,female,http://www.wikidata.org/entity/Q505961,,PAD_05010
Kurzmann,Gerhard,1953-10-30,,male,http://www.wikidata.org/entity/Q13298,,PAD_05075
Heinzl,Anton,1953-07-03,,male,http://www.wikidata.org/entity/Q872391,,PAD_05076
Windholz,Ernest,1960-06-04,,male,http://www.wikidata.org/entity/Q752107,,PAD_05098
Schmidhofer,Karl,1962-05-06,,male,http://www.wikidata.org/entity/Q688326,,PAD_05138
Klein,Anneliese,1941-01-20,,female,http://www.wikidata.org/entity/Q1741,,PAD_05195
Marolt,Heinz,1958-05-19,,male,http://www.wikidata.org/entity/Q41753,,PAD_05255
Pendl,Otto,1951-10-29,2021-11-10,male,http://www.wikidata.org/entity/Q871491,,PAD_05375
Bierlein,Brigitte,1949-06-25,2024-06-03,female,http://www.wikidata.org/entity/Q1741,http://www.wikidata.org/entity/Q1741,PAD_05422
Strobl,Elisabeth,1956-04-12,,female,http://www.wikidata.org/entity/Q178582,,PAD_05423
Patek,Maria,1958-07-13,,female,http://www.wikidata.org/entity/Q278042,,PAD_05425
Zarfl,Brigitte,1962-08-11,,female,http://www.wikidata.org/entity/Q131266,,PAD_05426
Müller,Eduard,1962-08-31,,male,http://www.wikidata.org/entity/Q671259,,PAD_05427
Starlinger,Thomas,1963-01-27,,male,http://www.wikidata.org/entity/Q430449,,PAD_05428
Peschorn,Wolfgang,1965-05-17,,male,http://www.wikidata.org/entity/Q1741,,PAD_05429
Schallenberg,Alexander,1969-06-20,,male,http://www.wikidata.org/entity/Q70,,PAD_05430
Rauskala,Iris,1978-03-14,,female,http://www.wikidata.org/entity/Q1757,,PAD_05431
Stilling,Ines,1976-08-10,,female,http://www.wikidata.org/entity/Q13298,,PAD_05432
Maury,Liliane,1956-12-16,,female,http://www.wikidata.org/entity/Q71,,PAD_05434
Missethon,Hannes,1959-06-26,,male,http://www.wikidata.org/entity/Q675834,,PAD_05435
Brandweiner,Lukas,1989-05-28,,male,http://www.wikidata.org/entity/Q671293,,PAD_05438
Штокер,Christian,1960-03-20,,male,http://www.wikidata.org/entity/Q131612,,PAD_05439
Hager,Doris,1970-01-06,,female,http://www.wikidata.org/entity/Q488315,,PAD_05483
List,Daniela,1968-08-09,,female,http://www.wikidata.org/entity/Q13298,,PAD_05484
Pöttinger,Laurenz,1964-09-25,,male,http://www.wikidata.org/entity/Q256996,,PAD_05486
Schmiedtbauer,Simone,1974-06-08,,female,http://www.wikidata.org/entity/Q13298,,PAD_05488
Thaler,Barbara,1982-02-16,,female,,,PAD_05489
Alexander Bernhuber,Aleksandr,1992-05-18,,male,http://www.wikidata.org/entity/Q21880507,,PAD_05490
Vollath,Bettina,1962-10-29,,female,http://www.wikidata.org/entity/Q13298,,PAD_05491
Heide,Hannes,1966-10-17,,male,http://www.wikidata.org/entity/Q250984,,PAD_05492
Sidl,Günther,1975-03-19,,male,http://www.wikidata.org/entity/Q82500,,PAD_05493
Wiener,Sarah,1962-08-27,,female,http://www.wikidata.org/entity/Q225774,,PAD_05494
Achitz,Bernhard,1965-07-20,,male,http://www.wikidata.org/entity/Q1741,,PAD_05502
Hechenberger,Josef,1974-10-02,,male,http://www.wikidata.org/entity/Q523993,,PAD_05623
Hintner,Hans,1964-01-18,,male,http://www.wikidata.org/entity/Q277965,,PAD_05624
Melchior,Alexander,1981-10-21,,male,http://www.wikidata.org/entity/Q277965,,PAD_05625
Minnich,Andreas,1974-10-02,,male,http://www.wikidata.org/entity/Q1741,,PAD_05626
Reiter,Carina,1988-11-22,,female,http://www.wikidata.org/entity/Q253179,,PAD_05627
Scharzenberger,Corinna,1990-06-24,,female,http://www.wikidata.org/entity/Q254221,,PAD_05629
Schnabel,Joachim,1976-08-10,,male,http://www.wikidata.org/entity/Q693460,,PAD_05630
Totter,Agnes,1974-05-27,,female,http://www.wikidata.org/entity/Q202362,,PAD_05632
Weber,Johann,1965-05-09,,male,http://www.wikidata.org/entity/Q487527,,PAD_05633
Zopf,Bettina,1974-07-19,,female,http://www.wikidata.org/entity/Q430449,,PAD_05634
Drobits,Christian,1968-02-07,,male,http://www.wikidata.org/entity/Q671259,,PAD_05638
Herr,Julia,1992-11-28,,female,http://www.wikidata.org/entity/Q604080,,PAD_05639
Köchl,Klaus,1961-11-28,,male,http://www.wikidata.org/entity/Q494604,,PAD_05640
Köllner,Maximilian,1991-08-25,,male,http://www.wikidata.org/entity/Q126321,,PAD_05641
Lercher,Maximilian,1986-09-24,,male,http://www.wikidata.org/entity/Q605054,,PAD_05642
Oberrauner,Petra,1965-01-27,,female,http://www.wikidata.org/entity/Q483522,,PAD_05643
Schroll,Alois,1968-03-13,,male,http://www.wikidata.org/entity/Q251231,,PAD_05644
Seemayer,Michael,1976-08-17,,male,http://www.wikidata.org/entity/Q251325,,PAD_05645
Silvan,Rudolf,1967-09-22,,male,http://www.wikidata.org/entity/Q277965,,PAD_05646
Vorderwinkler,Petra,1973-01-21,,female,http://www.wikidata.org/entity/Q265948,,PAD_05647
Blimlinger,Eva,1961-09-12,,female,http://www.wikidata.org/entity/Q1741,,PAD_05649
Disoski,Meri,1982-10-04,,female,http://www.wikidata.org/entity/Q1741,,PAD_05650
El-Nagashi,Faika,1976-09-03,,female,http://www.wikidata.org/entity/Q1781,,PAD_05651
Fischer,Ulrike,1972-11-02,,female,http://www.wikidata.org/entity/Q1741,,PAD_05652
Gewessler,Leonore,1977-09-15,,female,http://www.wikidata.org/entity/Q13298,,PAD_05653
Götze,Elisabeth,1966-03-19,,female,http://www.wikidata.org/entity/Q1741,,PAD_05654
Hamann,Sibylle,1966-08-14,,female,http://www.wikidata.org/entity/Q1741,,PAD_05668
Kaineder,Stefan,1985-01-22,,male,http://www.wikidata.org/entity/Q41329,,PAD_05669
Koza,Markus,1970-12-12,,male,http://www.wikidata.org/entity/Q41329,,PAD_05670
Litschauer,Martin,1974-11-19,,male,http://www.wikidata.org/entity/Q660060,,PAD_05671
Nessler,Barbara,1991-03-02,,female,http://www.wikidata.org/entity/Q171219,,PAD_05672
Ribo,Bedrana,1981-11-25,,female,http://www.wikidata.org/entity/Q159818,,PAD_05673
Rössler,Астрыд,1959-05-07,,female,http://www.wikidata.org/entity/Q34713,,PAD_05674
Schallmeiner,Ralph,1976-04-21,,male,http://www.wikidata.org/entity/Q178582,,PAD_05676
Schwarz,Jakob,1985-04-02,,male,http://www.wikidata.org/entity/Q13298,,PAD_05677
Tomaselli,Nina,1985-04-16,,female,http://www.wikidata.org/entity/Q183104,,PAD_05678
Voglauer,Olga,1980-10-03,,female,http://www.wikidata.org/entity/Q662465,,PAD_05679
Weratschnig,Hermann,1975-04-26,,male,http://www.wikidata.org/entity/Q583485,,PAD_05680
Zorba,Süleyman,1993-06-16,,male,http://www.wikidata.org/entity/Q1011964,,PAD_05681
Brandstätter,Helmut,1955-04-24,,male,http://www.wikidata.org/entity/Q1741,,PAD_05682
Brandstötter,Henrike,1975-10-13,,female,http://www.wikidata.org/entity/Q34713,,PAD_05683
Fiedler,Fiona,1976-01-27,,female,http://www.wikidata.org/entity/Q41753,,PAD_05684
Künsberg Sarre,Martina,1976-01-17,,female,http://www.wikidata.org/entity/Q13298,,PAD_05685
Margreiter,Johannes,1958-02-26,,male,http://www.wikidata.org/entity/Q1735,,PAD_05686
Shetty,Yannick,1995-04-26,,male,http://www.wikidata.org/entity/Q1741,,PAD_05687
Ledolter,Johann,1950-05-12,,male,http://www.wikidata.org/entity/Q665243,,PAD_05715
Tilg,Wilfried,1957-01-12,,male,http://www.wikidata.org/entity/Q1735,,PAD_06035
Maier,Ferdinand,1951-09-17,,male,http://www.wikidata.org/entity/Q1741,,PAD_06155
Aschbacher,Christine,1983-07-10,,female,http://www.wikidata.org/entity/Q13298,,PAD_06484
Танэр,Klaudia,1970-05-02,,female,http://www.wikidata.org/entity/Q280450,,PAD_06485
Raab,Susanne,1984-10-20,,female,http://www.wikidata.org/entity/Q251325,,PAD_06486
Neumann,Irene,1974-12-17,,female,http://www.wikidata.org/entity/Q131612,,PAD_06498
Bürstmayr,Georg,1963-04-20,,male,http://www.wikidata.org/entity/Q1741,,PAD_06501
Prammer,Agnes,1977-11-17,,female,http://www.wikidata.org/entity/Q1741,,PAD_06502
Stammler,Clemens,1974-01-31,,male,http://www.wikidata.org/entity/Q251325,,PAD_06503
Grebien,Heike,1987-07-31,,female,http://www.wikidata.org/entity/Q693460,,PAD_06504
Tanda,Alexandra,1962-10-09,,female,http://www.wikidata.org/entity/Q1735,,PAD_06505
Deckenbacher,Romana,1967-01-14,,female,http://www.wikidata.org/entity/Q41329,,PAD_06506
Keuschnigg,Georg,1954-11-12,,male,http://www.wikidata.org/entity/Q699599,,PAD_06735
Grander,Maria,1953-11-29,,female,http://www.wikidata.org/entity/Q1549542,,PAD_06755
Scheuch,Kurt,1967-12-01,,male,http://www.wikidata.org/entity/Q483522,,PAD_06815
Trunk,Melitta,1955-06-17,,female,http://www.wikidata.org/entity/Q483522,,PAD_06817
Teller,Dietrich,1944-04-21,2021-07-30,male,http://www.wikidata.org/entity/Q487527,,PAD_06875
Reheis,Gerhard,1955-01-07,,male,http://www.wikidata.org/entity/Q696137,,PAD_06997
Saxinger,Werner,1966-02-22,,male,http://www.wikidata.org/entity/Q256996,,PAD_07106
Sevignani,Hans,1948-06-30,2015-07-09,male,http://www.wikidata.org/entity/Q486341,,PAD_07156
Mainoni,Eduard,1958-02-10,,male,http://www.wikidata.org/entity/Q34713,,PAD_07236
Ecker,Andrea,1962-04-19,,female,http://www.wikidata.org/entity/Q251231,,PAD_07267
Dobnigg,Karl,1949-05-13,,male,http://www.wikidata.org/entity/Q695606,,PAD_08175
Faul,Christian,1949-06-14,,male,http://www.wikidata.org/entity/Q13298,,PAD_08176
Heinisch-Hosek,Gabriele,1961-12-16,,female,http://www.wikidata.org/entity/Q661877,,PAD_08177
Kuntzl,Andrea,1958-03-31,,female,http://www.wikidata.org/entity/Q1741,,PAD_08178
Muttonen,Christine,1954-07-16,,female,http://www.wikidata.org/entity/Q485294,,PAD_08179
Plank,Brunhilde,1956-03-03,2001-07-31,female,http://www.wikidata.org/entity/Q675678,,PAD_08180
Schasching,Beate,1961-08-24,,female,http://www.wikidata.org/entity/Q178582,,PAD_08181
Sima,Ulrike,1968-08-03,,female,http://www.wikidata.org/entity/Q41753,,PAD_08182
Bauer,Gerhard,1940-12-13,2007-03-23,male,http://www.wikidata.org/entity/Q1741,http://www.wikidata.org/entity/Q259859,PAD_08183
Papházy,Sylvia,1962-08-12,,female,http://www.wikidata.org/entity/Q1741,,PAD_08184
Egghart,Robert,1952-04-15,,male,http://www.wikidata.org/entity/Q1741,,PAD_08185
Fallent,Gerhard,1960-01-26,,male,http://www.wikidata.org/entity/Q668663,,PAD_08186
Graf,Herbert,1947-06-09,,male,http://www.wikidata.org/entity/Q1741,,PAD_08187
Hartinger-Klein,Beate,1959-09-09,,female,http://www.wikidata.org/entity/Q13298,,PAD_08188
Hornegger,Franz,1953-01-16,,male,http://www.wikidata.org/entity/Q253179,,PAD_08189
Knerzl,Anton,1954-11-08,,male,http://www.wikidata.org/entity/Q701762,,PAD_08190
Müller,Hans,1943-08-12,,male,http://www.wikidata.org/entity/Q683242,,PAD_08195
Neudeck,Detlev,1956-02-01,,male,http://www.wikidata.org/entity/Q551981,,PAD_08196
Ortlieb,Patrick,1967-05-17,,male,http://www.wikidata.org/entity/Q1737,,PAD_08197
Pistotnig,Jakob,1945-07-21,2001-07-24,male,http://www.wikidata.org/entity/Q494604,,PAD_08198
Reindl,Hermann,1955-02-09,,male,http://www.wikidata.org/entity/Q475320,,PAD_08199
Schender,Rüdiger,1974-10-20,,male,http://www.wikidata.org/entity/Q41329,,PAD_08200
Schoettel-Delacher,Irina,1962-10-22,,female,http://www.wikidata.org/entity/Q25607,,PAD_08201
Sodian,Andreas,1956-02-26,,male,http://www.wikidata.org/entity/Q688620,,PAD_08202
Staffaneller,Norbert,1941-06-01,,male,,,PAD_08203
Wattaul,Anton,1957-05-13,,male,http://www.wikidata.org/entity/Q661734,,PAD_08204
Weinmeier,Wilhelm,1955-07-01,,male,http://www.wikidata.org/entity/Q616833,,PAD_08205
Zellot,Roland,1955-02-22,,male,http://www.wikidata.org/entity/Q483522,,PAD_08206
Zierler,Theresia,1963-09-30,,female,http://www.wikidata.org/entity/Q674721,,PAD_08207
Baumgartner-Gabitzer,Ulrike,1957-07-16,,female,http://www.wikidata.org/entity/Q1741,,PAD_08208
Gahr,Hermann,1960-07-15,,male,http://www.wikidata.org/entity/Q583485,,PAD_08209
Hornek,Erwin,1959-05-14,,male,http://www.wikidata.org/entity/Q666920,,PAD_08210
Kößl,Günter,1950-09-24,,male,http://www.wikidata.org/entity/Q2475413,,PAD_08211
Lexer,Reinhold,1957-09-16,,male,,,PAD_08212
Miedl,Werner,1955-03-15,,male,http://www.wikidata.org/entity/Q685862,,PAD_08213
Mikl-Leitner,Johanna,1964-02-09,,female,http://www.wikidata.org/entity/Q624352,,PAD_08214
Pecher,Martina,1957-02-25,,female,http://www.wikidata.org/entity/Q1741,,PAD_08215
Prinz,Nikolaus,1962-07-25,,male,http://www.wikidata.org/entity/Q678170,,PAD_08235
Schweisgut,Johannes,1960-11-18,,male,http://www.wikidata.org/entity/Q1735,,PAD_08236
Tancsits,Walter,1951-10-10,,male,http://www.wikidata.org/entity/Q1741,,PAD_08237
Wolfmayr,Andrea,1953-07-16,,female,http://www.wikidata.org/entity/Q643600,,PAD_08238
Brosz,Dieter,1968-11-12,,male,http://www.wikidata.org/entity/Q1741,,PAD_08239
Glawischnig-Piesczek,Eva,1969-02-28,,female,http://www.wikidata.org/entity/Q483522,,PAD_08240
Grünewald,Kurt,1948-04-10,,male,http://www.wikidata.org/entity/Q1735,,PAD_08241
Kogler,Werner,1961-11-20,,male,http://www.wikidata.org/entity/Q368598,,PAD_08242
Lichtenberger,Eva,1954-07-01,,female,http://www.wikidata.org/entity/Q145997,,PAD_08243
Lunacek,Ulrike,1957-05-26,,female,http://www.wikidata.org/entity/Q131266,,PAD_08244
Pirklhuber,Wolfgang,1961-04-25,,male,http://www.wikidata.org/entity/Q41329,,PAD_08245
Hoscher,Dietmar,1962-06-05,,male,http://www.wikidata.org/entity/Q1741,,PAD_08255
Hagen,Christoph,1968-12-28,,male,http://www.wikidata.org/entity/Q699781,,PAD_08256
Aspöck,Robert,1943-06-23,2018-03-07,male,http://www.wikidata.org/entity/Q34713,http://www.wikidata.org/entity/Q34713,PAD_08375
Sickl,Elisabeth,1940-01-13,,female,http://www.wikidata.org/entity/Q1741,,PAD_08655
Grasser,Karl-Heinz,1969-01-02,,male,http://www.wikidata.org/entity/Q41753,,PAD_08656
Strasser,Ernst,1956-04-29,,male,http://www.wikidata.org/entity/Q256996,,PAD_08657
Waneck,Reinhart,1945-10-16,,male,http://www.wikidata.org/entity/Q1735,,PAD_08675
Finz,Alfred,1943-10-07,,male,http://www.wikidata.org/entity/Q1741,,PAD_08676
Hakl,Karin,1967-11-07,,female,http://www.wikidata.org/entity/Q1735,,PAD_08695
Mitterlehner,Reinhold,1955-12-10,,male,http://www.wikidata.org/entity/Q679532,,PAD_08696
Brugger,Bernd,1953-03-25,,male,http://www.wikidata.org/entity/Q583485,,PAD_08735
Burket,Ilse,1948-08-07,,female,http://www.wikidata.org/entity/Q670770,,PAD_08795
Höllerer,Anna,1953-11-27,,female,http://www.wikidata.org/entity/Q1533505,,PAD_08855
Böhmdorfer,Dieter,1943-05-11,,male,http://www.wikidata.org/entity/Q320950,,PAD_08875
Kubitschek,Maria,1962-08-16,,female,http://www.wikidata.org/entity/Q660428,,PAD_09073
Loos,Johann,1949-07-18,2018-07-18,male,http://www.wikidata.org/entity/Q618270,,PAD_09168
Wochesländer,Jutta,1948-03-10,2009-09-19,female,http://www.wikidata.org/entity/Q131612,,PAD_09509
Schultes,Hermann,1953-09-18,,male,http://www.wikidata.org/entity/Q1741,,PAD_09775
Hetzl,Gerhard,1971-05-22,,male,http://www.wikidata.org/entity/Q13298,,PAD_10092
Hakel,Elisabeth,1977-12-17,,female,http://www.wikidata.org/entity/Q260320,,PAD_10256
Becker,Heinz,1950-06-29,,male,http://www.wikidata.org/entity/Q486450,,PAD_10300
Mandl,Lukas,1979-07-12,,male,http://www.wikidata.org/entity/Q1741,,PAD_10301
Strolz,Matthias,1973-06-10,,male,http://www.wikidata.org/entity/Q494504,,PAD_10304
Forstinger,Monika,1963-07-15,,female,http://www.wikidata.org/entity/Q264819,,PAD_10336
Stadler,Астрыд,1961-05-11,,female,http://www.wikidata.org/entity/Q681920,,PAD_10342
Vana,Monika,1969-09-14,,female,http://www.wikidata.org/entity/Q1741,,PAD_10346
Freigaßner,Evelyn,1955-07-03,,female,http://www.wikidata.org/entity/Q485294,,PAD_10613
Totschnig,Norbert,1974-06-06,,male,http://www.wikidata.org/entity/Q336250,,PAD_10778
Lapp,Christine,1962-12-14,,female,http://www.wikidata.org/entity/Q1741,,PAD_11570
Donnerbauer,Heribert,1965-08-04,,male,http://www.wikidata.org/entity/Q1741,,PAD_11955
Csörgits,Renate,1954-11-23,,female,http://www.wikidata.org/entity/Q1741,,PAD_11957
Trettenbrein,Harald,1957-10-17,,male,http://www.wikidata.org/entity/Q487527,,PAD_12185
Horn,Josef,1947-11-20,,male,http://www.wikidata.org/entity/Q2289311,,PAD_12247
Reichhardt,Andreas,1968-10-23,,male,http://www.wikidata.org/entity/Q1741,,PAD_12479
Langreiter,Hans,1961-04-09,,male,http://www.wikidata.org/entity/Q183228,,PAD_12553
Haubner,Peter,1960-01-02,,male,http://www.wikidata.org/entity/Q34713,,PAD_12741
Grillitsch,Fritz,1959-07-13,,male,http://www.wikidata.org/entity/Q263107,,PAD_12907
Blasisker,Josef,1952-03-19,,male,http://www.wikidata.org/entity/Q336250,,PAD_12928
Wittauer,Klaus,1960-06-30,,male,http://www.wikidata.org/entity/Q1735,,PAD_13032
Fleckl,Anita,1967-05-16,,female,http://www.wikidata.org/entity/Q675678,,PAD_13125
Abraham,Gerhard,1947-10-24,,male,http://www.wikidata.org/entity/Q487527,,PAD_13649
Rohrs,Konstanze,1962-12-08,,female,http://www.wikidata.org/entity/Q41753,,PAD_14043
Rausch,Bettina,1979-12-25,,female,http://www.wikidata.org/entity/Q280450,,PAD_14275
Rosenkranz,Barbara,1958-06-20,,female,http://www.wikidata.org/entity/Q34713,,PAD_14693
Mandak,Sabine,1956-09-10,,female,http://www.wikidata.org/entity/Q131612,,PAD_14694
Sburny,Michaela,1959-05-17,,female,http://www.wikidata.org/entity/Q1741,,PAD_14695
Rest-Hinterseer,Heidemarie,1959-02-23,,female,http://www.wikidata.org/entity/Q187572,,PAD_14696
Auer,Klaus,1962-10-08,,male,http://www.wikidata.org/entity/Q871601,,PAD_14733
Böhm,Franz,1960-10-07,,male,http://www.wikidata.org/entity/Q34713,,PAD_14753
Essl,Franz,1957-07-19,,male,http://www.wikidata.org/entity/Q669681,,PAD_14755
Franz,Anna,1953-10-23,,female,http://www.wikidata.org/entity/Q671238,,PAD_14756
Grunberger,Silvia,1981-07-03,,female,http://www.wikidata.org/entity/Q126321,,PAD_14757
Glaser,Franz,1948-11-18,,male,http://www.wikidata.org/entity/Q662349,,PAD_14758
Huainigg,Franciscus Iosephus,1966-06-16,,male,http://www.wikidata.org/entity/Q660468,,PAD_14759
Hütl,Günther,1950-05-29,,male,http://www.wikidata.org/entity/Q660453,,PAD_14760
Kainz,Christoph,1967-04-27,,male,http://www.wikidata.org/entity/Q277965,,PAD_14761
Kapeller,Norbert,1970-01-07,,male,http://www.wikidata.org/entity/Q143140,,PAD_14762
Machne,Helga,1938-08-30,,female,http://www.wikidata.org/entity/Q336250,,PAD_14763
Marek,Christine,1968-01-26,,female,http://www.wikidata.org/entity/Q3994,,PAD_14764
Baek,Jochen,1981-04-01,,male,http://www.wikidata.org/entity/Q368598,,PAD_14765
Praßl,Michael,1955-09-15,,male,http://www.wikidata.org/entity/Q672717,,PAD_14766
Rädler,Johann,1952-06-13,,male,http://www.wikidata.org/entity/Q691705,,PAD_14767
Riener,Barbara,1962-12-15,,female,http://www.wikidata.org/entity/Q1741,,PAD_14768
Sieber,Norbert,1969-01-12,,male,http://www.wikidata.org/entity/Q1737,,PAD_14769
Schiefermair,Notburga,1966-05-19,,female,http://www.wikidata.org/entity/Q178582,,PAD_14771
Steindl,Konrad,1955-09-03,,male,http://www.wikidata.org/entity/Q568871,,PAD_14793
Winkler,Josef,1950-09-11,,male,http://www.wikidata.org/entity/Q667440,,PAD_14794
Wöginger,August,1974-11-02,,male,http://www.wikidata.org/entity/Q4190,,PAD_14795
Wendl,Ingrid,1940-05-17,,female,http://www.wikidata.org/entity/Q1741,,PAD_14834
Bayr,Petra,1968-04-28,,female,http://www.wikidata.org/entity/Q1741,,PAD_14835
Becher,Ruth,1956-01-28,,female,http://www.wikidata.org/entity/Q1741,,PAD_14836
Broukal,Josef,1946-11-09,,male,http://www.wikidata.org/entity/Q1741,,PAD_14837
Grossmann,Elisabeth,1968-11-25,,female,http://www.wikidata.org/entity/Q13298,,PAD_14839
Keck,Dietmar,1957-04-27,,male,http://www.wikidata.org/entity/Q41329,,PAD_14840
Königsberger-Ludwig,Ulrike,1965-05-12,,female,http://www.wikidata.org/entity/Q41329,,PAD_14841
Krainer,Kai,1968-09-09,,male,http://www.wikidata.org/entity/Q1741,,PAD_14842
Krist,Hermann,1959-07-21,,male,http://www.wikidata.org/entity/Q257130,,PAD_14843
Matznetter,Christoph,1959-06-08,,male,http://www.wikidata.org/entity/Q1741,,PAD_14844
Moser,Johann,1954-02-03,,male,http://www.wikidata.org/entity/Q875641,,PAD_14845
Puswald,Christian,1958-03-15,,male,http://www.wikidata.org/entity/Q13298,,PAD_14846
Scharer,Erika,1952-02-11,,female,http://www.wikidata.org/entity/Q660671,,PAD_14847
Schönpass,Rosemarie,1952-08-26,,female,http://www.wikidata.org/entity/Q669595,,PAD_14848
Schopf,Walter,1956-11-23,,male,http://www.wikidata.org/entity/Q260320,,PAD_14849
Spindelberger,Erwin,1956-04-24,,male,http://www.wikidata.org/entity/Q623049,,PAD_14850
Stadlbauer,Bettina,1967-04-22,,female,http://www.wikidata.org/entity/Q41329,,PAD_14851
Steier,Gerhard,1956-09-19,,male,http://www.wikidata.org/entity/Q663474,,PAD_14852
Walther,Heidrun,1952-03-13,,female,http://www.wikidata.org/entity/Q672498,,PAD_14853
Achleitner,Elke,1964-04-02,,female,http://www.wikidata.org/entity/Q267791,,PAD_14854
Bleckmann,Magda,1968-06-05,,female,http://www.wikidata.org/entity/Q13298,,PAD_14855
Bucher,Josef,1965-08-19,,male,http://www.wikidata.org/entity/Q871601,,PAD_14856
Walch,Maximilian,1952-02-03,,male,http://www.wikidata.org/entity/Q666964,,PAD_14858
Preineder,Martin,1962-05-01,,male,http://www.wikidata.org/entity/Q131612,,PAD_14875
Scheuch,Uwe,1969-06-15,,male,http://www.wikidata.org/entity/Q483522,,PAD_14893
Scheucher-Pichler,Elisabeth,1954-02-28,,female,http://www.wikidata.org/entity/Q41753,,PAD_14896
Danninger,Jochen,1975-05-19,,male,http://www.wikidata.org/entity/Q267791,,PAD_15161
Ikrath,Peter,1953-05-10,,male,http://www.wikidata.org/entity/Q41329,,PAD_15181
Gorbach,Губэрт,1956-07-27,,male,http://www.wikidata.org/entity/Q698577,,PAD_15464
Pröll,Josef,1968-09-14,,male,http://www.wikidata.org/entity/Q494283,,PAD_15465
Lopatka,Reinhold,1960-01-27,,male,http://www.wikidata.org/entity/Q669945,,PAD_15526
Mikesch,Herta,1960-10-07,,female,http://www.wikidata.org/entity/Q278447,,PAD_15527
Lichtenegger,Elmar,1974-05-25,,male,http://www.wikidata.org/entity/Q41753,,PAD_15528
Wegscheider,Susanne,1953-05-16,,female,http://www.wikidata.org/entity/Q41329,,PAD_15529
Felzmann,Carina,1965-09-17,,female,http://www.wikidata.org/entity/Q1741,,PAD_15530
Tamandl,Gabriele,1966-03-29,,female,http://www.wikidata.org/entity/Q1741,,PAD_15531
Regler,Roderich,1939-05-12,,male,http://www.wikidata.org/entity/Q1741,,PAD_15548
Diesner-Wais,Martina,1968-02-10,,female,http://www.wikidata.org/entity/Q660060,,PAD_16218
Höfinger,Johann,1969-07-18,,male,http://www.wikidata.org/entity/Q1741,,PAD_16234
Weinzinger,Brigid,1962-07-23,,female,http://www.wikidata.org/entity/Q671293,,PAD_16238
Sagartz,Christian,1981-01-16,,male,,,PAD_16347
Jabloner,Clemens,1948-11-28,,male,http://www.wikidata.org/entity/Q1741,,PAD_17147
Kocher,Martin,1973-09-13,,male,http://www.wikidata.org/entity/Q34713,,PAD_18140
Lichtenecker,Ruperta,1965-06-21,,female,http://www.wikidata.org/entity/Q682850,,PAD_18447
Sonnberger,Peter,1957-02-06,,male,http://www.wikidata.org/entity/Q41329,,PAD_18542
Gudenus,Johann,1976-07-20,,male,http://www.wikidata.org/entity/Q1741,,PAD_18665
Kollross,Andreas,1971-01-08,,male,http://www.wikidata.org/entity/Q871491,,PAD_18666
Mückstein,Wolfgang,1974-07-05,,male,http://www.wikidata.org/entity/Q1741,,PAD_19043
Nekula,Kurt,1955-11-08,,male,http://www.wikidata.org/entity/Q1741,,PAD_19681
Seidl,Julia,1981-07-23,,female,http://www.wikidata.org/entity/Q668078,,PAD_19741
Egger,Kurt,1974-06-18,,male,http://www.wikidata.org/entity/Q13298,,PAD_20056
Linhart,Michael,1958-08-31,,male,http://www.wikidata.org/entity/Q3640,,PAD_20175
Werner,Katharina,1985-05-23,,female,http://www.wikidata.org/entity/Q260320,,PAD_20281
Karner,Gerhard,1967-11-13,,male,http://www.wikidata.org/entity/Q489806,,PAD_20445
Rauch,Johannes,1959-04-24,,male,http://www.wikidata.org/entity/Q871383,,PAD_21029
Doppler,Anton,1956-12-15,,male,http://www.wikidata.org/entity/Q701425,,PAD_21211
Dernoscheg,Karl,1959-07-22,,male,http://www.wikidata.org/entity/Q13298,,PAD_21251
Kraus,Susanne,1955-04-26,,female,http://www.wikidata.org/entity/Q1741,,PAD_21406
Tursky,Florian,1988-05-13,,male,http://www.wikidata.org/entity/Q1735,,PAD_21407
Darabos,Norbert,1964-05-31,,male,http://www.wikidata.org/entity/Q1741,,PAD_22030
Gastinger,Karin,1964-03-11,,female,http://www.wikidata.org/entity/Q13298,,PAD_22269
Lueger,Angela,1965-10-17,,female,http://www.wikidata.org/entity/Q1741,,PAD_22449
Leutner,Richard,1955-06-10,,male,http://www.wikidata.org/entity/Q1741,,PAD_22533
Fauland,Markus,1968-01-13,,male,http://www.wikidata.org/entity/Q34713,,PAD_22534
Zinggl,Wolfgang,1954-12-12,,male,http://www.wikidata.org/entity/Q1741,,PAD_22573
Leichtfried,Jörg,1967-06-18,,male,http://www.wikidata.org/entity/Q259893,,PAD_22694
Einwallner,Reinhold,1973-05-13,,male,http://www.wikidata.org/entity/Q259893,,PAD_24257
Plassnik,Ursula,1956-05-23,,female,http://www.wikidata.org/entity/Q41753,,PAD_24479
Пракоп,Liese,1941-03-27,2006-12-31,female,http://www.wikidata.org/entity/Q1741,http://www.wikidata.org/entity/Q82500,PAD_25260
Mittermüller,Marialuise,1952-12-29,,female,http://www.wikidata.org/entity/Q483522,,PAD_25950
Winkler,Hans,1945-01-13,,male,http://www.wikidata.org/entity/Q1741,,PAD_28371
Preiner,Erwin,1962-09-15,,male,http://www.wikidata.org/entity/Q1741,,PAD_30011
Einwallner,Thomas,1979-01-10,,male,http://www.wikidata.org/entity/Q263107,,PAD_30035
Klug,Gerald,1968-11-13,,male,http://www.wikidata.org/entity/Q13298,,PAD_30036
Knoll,Gertraud,1958-12-07,,female,http://www.wikidata.org/entity/Q41329,,PAD_30352
Erasim,Melanie,1983-01-23,,female,http://www.wikidata.org/entity/Q660428,,PAD_30653
Blümel,Gernot,1981-10-24,,male,http://www.wikidata.org/entity/Q1741,,PAD_31011
Katzian,Wolfgang,1956-10-28,,male,http://www.wikidata.org/entity/Q494283,,PAD_32494
Aubauer,Gertrude,1951-07-13,,female,http://www.wikidata.org/entity/Q1741,,PAD_35467
Belakowitsch,Dagmar,1968-08-24,,female,http://www.wikidata.org/entity/Q1741,,PAD_35468
Darmann,Gernot,1975-07-07,,male,http://www.wikidata.org/entity/Q13298,,PAD_35469
Eder,Sebastian,1955-07-12,,male,http://www.wikidata.org/entity/Q511701,,PAD_35470
Eder-Gitschthaler,Andrea,1961-09-03,,female,http://www.wikidata.org/entity/Q251325,,PAD_35471
Obernosterer,Gabriel,1955-05-13,,male,http://www.wikidata.org/entity/Q677851,,PAD_35487
Fürntrath-Moretti,Adelheid,1958-01-19,,female,http://www.wikidata.org/entity/Q699825,,PAD_35488
Hörl,Franz,1956-12-04,,male,http://www.wikidata.org/entity/Q187565,,PAD_35489
Karl,Beatrix,1967-12-10,,female,http://www.wikidata.org/entity/Q13298,,PAD_35490
Köfer,Gerhard,1961-02-11,,male,http://www.wikidata.org/entity/Q487500,,PAD_35491
Stauber,Peter,1953-04-15,,male,http://www.wikidata.org/entity/Q875816,,PAD_35492
Fazekas,Hannes,1963-12-09,,male,http://www.wikidata.org/entity/Q1741,,PAD_35493
Kuzdas,Губэрт,1961-10-20,,male,http://www.wikidata.org/entity/Q666556,,PAD_35494
Kirchgatterer,Franz,1953-09-24,"(2017, 11)",male,http://www.wikidata.org/entity/Q178582,http://www.wikidata.org/entity/Q256996,PAD_35495
Rinner,Sylvia,1962-05-07,,female,http://www.wikidata.org/entity/Q13298,,PAD_35496
Muchitsch,Josef,1967-08-21,,male,http://www.wikidata.org/entity/Q694209,,PAD_35497
Fuller,Christian,1977-06-24,,male,http://www.wikidata.org/entity/Q263107,,PAD_35498
Mayerhofer,Leopold,1955-12-04,,male,http://www.wikidata.org/entity/Q670033,,PAD_35499
Weinzinger,Lutz,1943-01-20,2021,male,http://www.wikidata.org/entity/Q1741,,PAD_35500
Mayer,Elmar,1953-03-13,,male,http://www.wikidata.org/entity/Q698591,,PAD_35501
Gradauer,Alois,1942-12-14,,male,http://www.wikidata.org/entity/Q688620,,PAD_35502
Haimbuchner,Manfred,1978-08-12,,male,http://www.wikidata.org/entity/Q178582,,PAD_35503
Schieder,Andreas,1969-04-16,,male,http://www.wikidata.org/entity/Q1741,,PAD_35504
Haberzettl,Wilhelm,1955-07-02,,male,http://www.wikidata.org/entity/Q82500,,PAD_35507
Zach,Alexander,1976-09-10,,male,http://www.wikidata.org/entity/Q1741,,PAD_35508
Oberhauser,Sabine,1963-08-30,2017-02-23,female,http://www.wikidata.org/entity/Q1741,http://www.wikidata.org/entity/Q1741,PAD_35509
Hradecsni,Bettina,1961-07-31,,female,http://www.wikidata.org/entity/Q3820,,PAD_35511
Schatz,Birgit,1969-12-09,,female,http://www.wikidata.org/entity/Q34713,,PAD_35512
Zwerschitz,Barbara,1969-04-03,,female,http://www.wikidata.org/entity/Q1741,,PAD_35513
Zanger,Wolfgang,1968-12-04,,male,http://www.wikidata.org/entity/Q494621,,PAD_35514
Hauser,Gerald,1961-09-30,,male,http://www.wikidata.org/entity/Q262475,,PAD_35515
Rossmann,Bruno,1952-04-16,,male,http://www.wikidata.org/entity/Q483522,,PAD_35516
Fichtenbauer,Peter,1946-07-06,,male,http://www.wikidata.org/entity/Q666826,,PAD_35517
Strache,Heinz-Christian,1969-06-12,,male,http://www.wikidata.org/entity/Q1741,,PAD_35518
Schalle,Veit,1942-10-24,,male,http://www.wikidata.org/entity/Q41753,,PAD_35519
Kickl,Herbert,1968-10-19,,male,http://www.wikidata.org/entity/Q483522,,PAD_35520
Hofer,Norbert,1971-03-02,,male,http://www.wikidata.org/entity/Q669945,,PAD_35521
Neubauer,Werner,1956-10-29,,male,http://www.wikidata.org/entity/Q41329,,PAD_35522
Klement,Karlheinz,1963-05-08,,male,http://www.wikidata.org/entity/Q41753,,PAD_35523
Themessl,Bernhard,1951-10-15,,male,http://www.wikidata.org/entity/Q486341,,PAD_35524
Kucharowits,Katharina,1983-09-19,,female,http://www.wikidata.org/entity/Q277965,,PAD_35908
Mölzer,Wendelin,1980-03-07,,male,http://www.wikidata.org/entity/Q13298,,PAD_36187
Eisenschenk,Peter,1965-04-27,,male,http://www.wikidata.org/entity/Q489810,,PAD_36348
Schmied,Claudia,1959-05-10,,female,http://www.wikidata.org/entity/Q1741,,PAD_36447
Kdolsky,Andrea,1962-11-02,,female,http://www.wikidata.org/entity/Q1741,,PAD_36448
Buchinger,Erwin,1955-12-25,,male,http://www.wikidata.org/entity/Q658855,,PAD_36449
Faymann,Werner,1960-05-04,,male,http://www.wikidata.org/entity/Q1741,,PAD_36450
Hahn,Johannes,1957-12-02,,male,http://www.wikidata.org/entity/Q1741,,PAD_36451
Kranzl,Christa,1960-04-19,,female,http://www.wikidata.org/entity/Q661843,,PAD_36452
Rudas,Laura,1981-03-10,,female,http://www.wikidata.org/entity/Q1741,,PAD_36507
Ehmann,Michael,1975-05-07,,male,http://www.wikidata.org/entity/Q13298,,PAD_36508
Schelling,Hans,1953-12-27,,male,http://www.wikidata.org/entity/Q698591,,PAD_36907
Schittenhelm,Dorothea,1954-05-07,,female,http://www.wikidata.org/entity/Q537140,,PAD_36908
Lohfeyer,Rosa,1956-07-26,,female,http://www.wikidata.org/entity/Q252138,,PAD_36987
Durchschlag,Claudia,1958-08-15,,female,http://www.wikidata.org/entity/Q41329,,PAD_40627
Steinhauser,Albert,1971-10-15,,male,http://www.wikidata.org/entity/Q1741,,PAD_40628
Hursky,Christian,1961-06-14,,male,http://www.wikidata.org/entity/Q1741,,PAD_42287
Strache,Philippa,1987-12-01,,female,http://www.wikidata.org/entity/Q1741,,PAD_44127
Dönmez,Efgani,1976-10-30,,male,http://www.wikidata.org/entity/Q1003953,,PAD_47067
Weninger,Hannes,1961-05-10,,male,http://www.wikidata.org/entity/Q265948,,PAD_47087
Vock,Bernhard,1963-04-12,,male,http://www.wikidata.org/entity/Q277965,,PAD_47147
Herbert,Werner,1963-08-29,,male,http://www.wikidata.org/entity/Q368598,,PAD_47187
Wechner,Hedwig,1955-12-27,,female,http://www.wikidata.org/entity/Q699599,,PAD_50047
Lautenschlager,Hartmann,1940-10-06,2010-05-01,male,http://www.wikidata.org/entity/Q302745,,PAD_50067
Hell,Johann,1955-10-17,,male,http://www.wikidata.org/entity/Q82500,,PAD_50187
Auer,Josef,1956-03-24,,male,http://www.wikidata.org/entity/Q583485,,PAD_51507
Gessl,Andrea,1964-11-16,,female,http://www.wikidata.org/entity/Q485294,,PAD_51527
Hechtl,Johann,1957-06-24,,male,http://www.wikidata.org/entity/Q265948,,PAD_51547
Lipitsch,Hermann,1960-06-14,,male,http://www.wikidata.org/entity/Q483522,,PAD_51548
Plessl,Rudolf,1967-01-12,,male,http://www.wikidata.org/entity/Q1741,,PAD_51549
Cortolezis-Schlager,Katharina,1960-05-17,2015-07-20,female,http://www.wikidata.org/entity/Q13298,http://www.wikidata.org/entity/Q1741,PAD_51551
Klikovits,Oswald,1959-09-10,,male,http://www.wikidata.org/entity/Q126321,,PAD_51552
Lettenbichler,Josef,1970-12-10,,male,http://www.wikidata.org/entity/Q486341,,PAD_51553
Mayer,Peter,1976-11-10,,male,http://www.wikidata.org/entity/Q267791,,PAD_51554
Schönegger,Bernd,1977-01-29,,male,http://www.wikidata.org/entity/Q13298,,PAD_51555
Singer,Johann,1958-01-18,,male,http://www.wikidata.org/entity/Q260320,,PAD_51556
Deimek,Gerhard,1963-01-09,,male,http://www.wikidata.org/entity/Q260320,,PAD_51557
Doppler,Rupert,1958-02-23,,male,http://www.wikidata.org/entity/Q253179,,PAD_51558
Gartelgruber,Carmen,1965-06-25,,female,http://www.wikidata.org/entity/Q41753,,PAD_51559
Haider,Roman,1967-04-13,,male,http://www.wikidata.org/entity/Q256996,,PAD_51560
Hübner,Johannes,1956-10-07,2025-02-02,male,http://www.wikidata.org/entity/Q1741,,PAD_51561
Höbart,Christian,1975-06-09,,male,http://www.wikidata.org/entity/Q1741,,PAD_51562
Jannach,Harald,1972-05-27,,male,http://www.wikidata.org/entity/Q41753,,PAD_51563
Karlsböck,Andreas,1960-11-18,2019-11-22,male,http://www.wikidata.org/entity/Q1741,,PAD_51564
Kitzmüller,Anneliese,1959-07-03,,female,http://www.wikidata.org/entity/Q41329,,PAD_51565
Kunasek,Mario,1976-06-29,,male,http://www.wikidata.org/entity/Q13298,,PAD_51567
Lausch,Christian,1969-12-02,,male,http://www.wikidata.org/entity/Q624352,,PAD_51568
Mühlberghuber,Edith,1964-10-22,,female,http://www.wikidata.org/entity/Q260320,,PAD_51569
Rosenkranz,Walter,1962-07-29,,male,http://www.wikidata.org/entity/Q131266,,PAD_51570
Stefan,Harald,1965-09-12,,male,http://www.wikidata.org/entity/Q1741,,PAD_51571
Unterreiner,Heidemarie,1944-02-24,,female,http://www.wikidata.org/entity/Q3806,,PAD_51572
Winter,Susanne,1957-07-23,,female,http://www.wikidata.org/entity/Q13298,,PAD_51573
Grosz,Gerald,1977-02-15,,male,http://www.wikidata.org/entity/Q13298,,PAD_51574
Huber,Gerhard,1965-05-20,,male,http://www.wikidata.org/entity/Q336250,,PAD_51575
Jury,Josef,1962-03-19,,male,http://www.wikidata.org/entity/Q660580,,PAD_51576
Linder,Maximilian,1965-03-22,,male,http://www.wikidata.org/entity/Q483522,,PAD_51577
List,Kurt,1954-02-03,,male,http://www.wikidata.org/entity/Q698465,,PAD_51578
Lugar,Robert,1970-07-09,,male,http://www.wikidata.org/entity/Q1735,,PAD_51579
Markowitz,Stefan,1977-05-19,,male,http://www.wikidata.org/entity/Q41753,,PAD_51580
Petzner,Stefan,1981-01-17,,male,http://www.wikidata.org/entity/Q669681,,PAD_51581
Schenk,Martina,1972-08-28,,female,http://www.wikidata.org/entity/Q13298,,PAD_51582
Spadiut,Wolfgang,1955-03-21,2021-06-10,male,http://www.wikidata.org/entity/Q494621,,PAD_51583
Tadler,Эрых,1958-07-23,,male,http://www.wikidata.org/entity/Q688726,,PAD_51584
Widmann,Rainer,1967-07-25,,male,http://www.wikidata.org/entity/Q143140,,PAD_51585
Brunner,Christiane,1976-09-23,,female,http://www.wikidata.org/entity/Q279823,,PAD_51586
Korun,Alev,1969-09-27,,female,http://www.wikidata.org/entity/Q3640,,PAD_51587
Musiol,Daniela,1970-09-08,,female,http://www.wikidata.org/entity/Q277965,,PAD_51588
Schwentner,Judith,1968-09-05,,female,http://www.wikidata.org/entity/Q13298,,PAD_51589
Walser,Harald,1953-04-18,,male,http://www.wikidata.org/entity/Q698591,,PAD_51590
Windbüchler-Souschill,Tanja,1976-11-06,,female,http://www.wikidata.org/entity/Q131612,,PAD_51591
Amesbauer,Hannes,1981-04-18,,male,http://www.wikidata.org/entity/Q259893,,PAD_51879
Stöger,Alois,1960-09-03,,male,http://www.wikidata.org/entity/Q41329,,PAD_52687
Berlakovich,Nikolaus,1961-06-04,,male,http://www.wikidata.org/entity/Q126321,,PAD_52688
Hundstorfer,Rudolf,1951-09-19,2019-08-20,male,http://www.wikidata.org/entity/Q1741,http://www.wikidata.org/entity/Q922,PAD_52689
Ostermayer,Josef,1961-03-12,,male,http://www.wikidata.org/entity/Q670800,,PAD_52707
Schmuckenschlager,Johannes,1978-09-20,,male,http://www.wikidata.org/entity/Q487522,,PAD_52727
Bandion-Ortner,Claudia,1966-11-30,,female,http://www.wikidata.org/entity/Q13298,,PAD_53727
Strutz,Martin,1961-03-20,,male,http://www.wikidata.org/entity/Q41753,,PAD_55147
Hammer,Michael,1977-06-03,,male,http://www.wikidata.org/entity/Q41329,,PAD_55227
Brunner,Magnus,1972-05-06,,male,http://www.wikidata.org/entity/Q700680,,PAD_55727
Jarmer,Helene,1971-08-08,,female,http://www.wikidata.org/entity/Q1741,,PAD_57367
Köstinger,Elisabeth,1978-11-22,,female,http://www.wikidata.org/entity/Q487527,,PAD_57488
Regner,Evelyn,1966-01-24,,female,http://www.wikidata.org/entity/Q1741,,PAD_57489
Kadenbach,Karin,1958-04-19,,female,http://www.wikidata.org/entity/Q1741,,PAD_57490
Steßl,Sonja,1981-05-25,,female,http://www.wikidata.org/entity/Q13298,,PAD_59247
Hackl,Heinz-Peter,1954-05-17,2021-09-14,male,http://www.wikidata.org/entity/Q693756,,PAD_59767
Podgorschek,Elmar,1958-01-07,,male,http://www.wikidata.org/entity/Q267791,,PAD_59908
Duzdar,Muna,1978-08-22,,female,http://www.wikidata.org/entity/Q1741,,PAD_60446
Winzig,Angelika,1963-05-09,,female,http://www.wikidata.org/entity/Q261216,,PAD_60878
Schickhofer,Michael,1979-12-20,,male,http://www.wikidata.org/entity/Q875641,,PAD_61239
Brückl,Hermann,1968-11-03,,male,http://www.wikidata.org/entity/Q255012,,PAD_61639
Riemer,Josef,1950-03-21,,male,http://www.wikidata.org/entity/Q660453,,PAD_61659
Jenewein,Hans-Jörg,1974-06-12,,male,http://www.wikidata.org/entity/Q1741,,PAD_62360
Remler,Verena,1972-11-26,,female,http://www.wikidata.org/entity/Q336250,,PAD_62379
Buchmayr,Harry,1957-01-06,,male,http://www.wikidata.org/entity/Q386360,,PAD_63179
Schnedlitz,Michael,1984-03-13,,male,http://www.wikidata.org/entity/Q669681,,PAD_64022
Hammer,Lukas,1983-05-25,,male,http://www.wikidata.org/entity/Q1741,,PAD_65219
Töchterle,Karlheinz,1949-05-13,,male,http://www.wikidata.org/entity/Q252197,,PAD_65319
Waldner,Wolfgang,1954-10-06,,male,http://www.wikidata.org/entity/Q483522,,PAD_65320
Kurz,Sebastian,1986-08-27,,male,http://www.wikidata.org/entity/Q1741,,PAD_65321
Gerstl,Wolfgang,1961-10-14,,male,http://www.wikidata.org/entity/Q82500,,PAD_67199
Venier,Mathias,1984-05-31,,male,http://www.wikidata.org/entity/Q145997,,PAD_67839
Kaufmann,Elisabeth,1970-05-20,,female,http://www.wikidata.org/entity/Q277965,,PAD_68819
Windisch,Franz,1957-12-09,,male,http://www.wikidata.org/entity/Q1741,,PAD_71899
Himmelbauer,Eva-Maria,1986-12-24,,female,http://www.wikidata.org/entity/Q659918,,PAD_72959
Fürlinger,Klaus,1965-06-01,,male,http://www.wikidata.org/entity/Q41329,,PAD_72999
Androsch,Maurice,1970-04-25,,male,http://www.wikidata.org/entity/Q1741,,PAD_73000
Szep,Irene,1953-12-31,,female,http://www.wikidata.org/entity/Q82500,,PAD_78320
Hafenecker,Christian,1980-08-11,,male,http://www.wikidata.org/entity/Q277965,,PAD_78586
Greiner,Karin,1967-11-04,,female,http://www.wikidata.org/entity/Q259893,,PAD_80479
Steinacker,Michaela,1962-06-30,,female,http://www.wikidata.org/entity/Q1741,,PAD_83059
Köchl,Matthias,1977-08-30,,male,http://www.wikidata.org/entity/Q41753,,PAD_83100
Maurer,Sigrid,1985-03-19,,female,http://www.wikidata.org/entity/Q668078,,PAD_83101
Mückstein,Eva,1958-12-07,,female,http://www.wikidata.org/entity/Q486450,,PAD_83102
Schmid,Julian,1989-04-21,,male,http://www.wikidata.org/entity/Q41753,,PAD_83103
Willi,Georg,1959-05-06,,male,http://www.wikidata.org/entity/Q1735,,PAD_83104
Aslan,Aygül,1981-10-16,,female,http://www.wikidata.org/entity/Q1948486,,PAD_83105
Antoni,Konrad,1964-05-04,,male,http://www.wikidata.org/entity/Q671293,,PAD_83107
Bacher,Walter,1962-09-02,,male,http://www.wikidata.org/entity/Q257244,,PAD_83108
Ecker,Cornelia,1976-02-27,,female,http://www.wikidata.org/entity/Q34713,,PAD_83109
Gusenbauer-Jäger,Marianne,1956-10-14,,female,http://www.wikidata.org/entity/Q41329,,PAD_83110
Holzinger-Vogtenhuber,Daniela,1987-10-21,,female,http://www.wikidata.org/entity/Q251325,,PAD_83111
Knes,Wolfgang,1964-02-24,,male,http://www.wikidata.org/entity/Q487527,,PAD_83112
Kucher,Philip,1981-09-29,,male,http://www.wikidata.org/entity/Q41753,,PAD_83113
Troch,Harald,1959-05-02,,male,http://www.wikidata.org/entity/Q1741,,PAD_83114
Unterrainer,Maximilian,1964-02-20,,male,http://www.wikidata.org/entity/Q302745,,PAD_83115
Vogl,Markus,1970-11-27,,male,http://www.wikidata.org/entity/Q260320,,PAD_83116
Yılmaz,Nurten,1957-09-17,,female,http://www.wikidata.org/entity/Q1012854,,PAD_83117
Alm,Niko,1975-08-30,,male,http://www.wikidata.org/entity/Q1741,,PAD_83119
Hable,Rainer,1972-05-04,,male,http://www.wikidata.org/entity/Q41329,,PAD_83120
Loacker,Gerald,1973-11-28,,male,http://www.wikidata.org/entity/Q171219,,PAD_83121
Meinl-Reisinger,Beate,1978-04-25,,female,http://www.wikidata.org/entity/Q1741,,PAD_83122
Mlinar,Angelika,1970-06-29,,female,http://www.wikidata.org/entity/Q664396,,PAD_83123
Pock,Michael,1981-04-30,,male,http://www.wikidata.org/entity/Q489810,,PAD_83124
Scherak,Nikolaus,1986-10-16,,male,http://www.wikidata.org/entity/Q1741,,PAD_83125
Vavrik,Christoph,1961-05-02,,male,http://www.wikidata.org/entity/Q71,,PAD_83126
Фухс,Губэрт,1969-01-13,,male,http://www.wikidata.org/entity/Q251022,,PAD_83127
Kassegger,Axel,1966-01-04,,male,http://www.wikidata.org/entity/Q871601,,PAD_83129
Rauch,Walter,1978-02-07,,male,http://www.wikidata.org/entity/Q672717,,PAD_83130
Schellenbacher,Thomas,1964-07-23,,male,http://www.wikidata.org/entity/Q489806,,PAD_83132
Schmid,Gerhard,1948-09-22,,male,http://www.wikidata.org/entity/Q34713,,PAD_83133
Schrangl,Philipp,1985-03-14,,male,http://www.wikidata.org/entity/Q41329,,PAD_83134
Steger,Petra,1987-10-04,,female,http://www.wikidata.org/entity/Q1741,,PAD_83135
Wurm,Peter,1965-02-23,,male,http://www.wikidata.org/entity/Q302745,,PAD_83137
Stronach,Frank,1932-09-06,,male,http://www.wikidata.org/entity/Q689370,,PAD_83138
Nachbaur,Kathrin,1979-04-02,,female,http://www.wikidata.org/entity/Q13298,,PAD_83139
Dietrich,Waltraud,1959-10-19,,female,http://www.wikidata.org/entity/Q483522,,PAD_83140
Franz,Marcus,1963-03-06,,male,http://www.wikidata.org/entity/Q1741,,PAD_83141
Lintl,Jessi,1956-06-30,,female,http://www.wikidata.org/entity/Q661747,,PAD_83142
Vetter,Georg,1962-04-26,,male,http://www.wikidata.org/entity/Q1741,,PAD_83143
El Habbassi,Asdin,1986-12-05,,male,http://www.wikidata.org/entity/Q255684,,PAD_83144
Fichtinger,Angela,1956-12-29,,female,,,PAD_83146
Groiß,Werner,1967-12-06,,male,http://www.wikidata.org/entity/Q174400,,PAD_83147
Hanger,Andreas,1968-06-19,,male,http://www.wikidata.org/entity/Q427385,,PAD_83148
Jank,Brigitte,1951-09-19,,female,http://www.wikidata.org/entity/Q1741,,PAD_83149
Ottenschläger,Andreas,1975-05-07,,male,http://www.wikidata.org/entity/Q1741,,PAD_83150
Pfurtscheller,Elisabeth,1964-03-06,,female,http://www.wikidata.org/entity/Q656017,,PAD_83151
Rauch,Johannes,1971-08-03,,male,http://www.wikidata.org/entity/Q1735,,PAD_83152
Strasser,Georg,1971-06-29,,male,http://www.wikidata.org/entity/Q251231,,PAD_83153
Zakostelsky,Andreas,1962-05-26,,male,http://www.wikidata.org/entity/Q3130,,PAD_83154
Weigerstorfer,Ulla,1967-08-16,,female,http://www.wikidata.org/entity/Q251065,,PAD_83262
Brandstetter,Wolfgang,1957-10-07,,male,http://www.wikidata.org/entity/Q255534,,PAD_83295
Rupprechter,Andrä,1961-05-31,,male,http://www.wikidata.org/entity/Q256906,,PAD_83296
Karmasin,Sophie,1967-01-05,,female,http://www.wikidata.org/entity/Q1741,,PAD_83297
Feichtinger,Klaus,1970-11-18,,male,http://www.wikidata.org/entity/Q13298,,PAD_83298
Hofinger,Manfred,1970-02-27,,male,http://www.wikidata.org/entity/Q267791,,PAD_83299
Ofenauer,Friedrich,1973-01-09,,male,http://www.wikidata.org/entity/Q82500,,PAD_83300
Gödl,Ernst,1971-12-28,,male,http://www.wikidata.org/entity/Q13298,,PAD_83409
Ertlschweiger,Rouven,1976-09-08,,male,http://www.wikidata.org/entity/Q131612,,PAD_83433
Freund,Eugen,1951-04-15,,male,http://www.wikidata.org/entity/Q1741,,PAD_84051
Schmidt,Claudia,1963-04-26,,female,http://www.wikidata.org/entity/Q34713,,PAD_84052
Mayer,Georg,1973-10-12,,male,http://www.wikidata.org/entity/Q672717,,PAD_84053
Reimon,Michel,1971-07-11,,male,http://www.wikidata.org/entity/Q126321,,PAD_84054
Schellhorn,Josef,1967-05-12,,male,http://www.wikidata.org/entity/Q253179,,PAD_84056
Angerer,Erwin,1964-12-30,,male,http://www.wikidata.org/entity/Q692993,,PAD_84060
Mahrer,Harald,1973-03-27,,male,http://www.wikidata.org/entity/Q1741,,PAD_84308
Kumpitsch,Günther,1960-07-07,,male,http://www.wikidata.org/entity/Q674721,,PAD_86603
Lindner,Mario,1982-03-30,,male,http://www.wikidata.org/entity/Q485294,,PAD_86613
Graswander-Hainz,Karoline,1974-02-02,,female,http://www.wikidata.org/entity/Q145997,,PAD_86673
Schabhüttl,Jürgen,1971-11-22,,male,http://www.wikidata.org/entity/Q279823,,PAD_86681
Gamon,Claudia,1988-12-23,,female,http://www.wikidata.org/entity/Q183104,,PAD_86976
Stögmüller,David,1987-02-01,,male,http://www.wikidata.org/entity/Q267791,,PAD_87001
Ecker,Rosa,1969-04-10,,female,http://www.wikidata.org/entity/Q666964,,PAD_87002
Dziedzic,Ewa,1980-06-16,,female,http://www.wikidata.org/entity/Q324880,,PAD_87146
Doskozil,Hans,1970-06-21,,male,http://www.wikidata.org/entity/Q669945,,PAD_87429
Eypeltauer,Felix,1992-07-03,,male,http://www.wikidata.org/entity/Q41329,,PAD_88288
Sobotka,Wolfgang,1956-01-05,,male,http://www.wikidata.org/entity/Q427385,,PAD_88386
Drozda,Thomas,1965-07-24,,male,http://www.wikidata.org/entity/Q693253,,PAD_88629
Hammerschmidt,Sonja,1968-06-24,,female,http://www.wikidata.org/entity/Q260320,,PAD_88631
Kraker,Margit,1960-11-09,,female,http://www.wikidata.org/entity/Q189268,,PAD_88771
Lasar,David,1952-10-05,,male,http://www.wikidata.org/entity/Q1741,,PAD_88823
Klinger,Wolfgang,1959-05-10,,male,http://www.wikidata.org/entity/Q178582,,PAD_88857
Rendi-Wagner,Pamela,1971-05-07,,female,http://www.wikidata.org/entity/Q1741,,PAD_91034
Doppelbauer,Karin,1975-03-02,,female,http://www.wikidata.org/entity/Q256996,,PAD_91141
Neuroth,Barbara,1957,,female,http://www.wikidata.org/entity/Q1741,,PAD_93132
Ban,Ki-moon,1944-06-13,,male,http://www.wikidata.org/entity/Q50315,,Q1253
